{
  "config": {
    "vocab_size": 2048,
    "n_layer": 7,
    "n_head": 6,
    "n_kv_head": 6,
    "n_embd": 384,
    "head_dim": 64,
    "seq_len": 512
  },
  "val_loss": 1.2192755313146681,
  "n_params_M": 13.178496,
  "step": 6969,
  "total_tokens_M": 28.545024,
  "training_seconds": 600.0168430805206
}