{
  "config": {
    "vocab_size": 2048,
    "n_layer": 8,
    "n_head": 4,
    "n_kv_head": 4,
    "n_embd": 256,
    "head_dim": 64,
    "seq_len": 512
  },
  "val_loss": 1.6540101051330567,
  "n_params_M": 6.820096,
  "step": 1238,
  "total_tokens_M": 20.283392,
  "training_seconds": 300.11528396606445
}