{
  "config": {
    "vocab_size": 2048,
    "n_layer": 5,
    "n_head": 5,
    "n_kv_head": 5,
    "n_embd": 320,
    "head_dim": 64,
    "seq_len": 512
  },
  "val_loss": 1.3169843980244227,
  "n_params_M": 6.80288,
  "step": 11954,
  "total_tokens_M": 48.963584,
  "training_seconds": 600.0429699420929
}