{
  "config": {
    "vocab_size": 2048,
    "n_layer": 6,
    "n_head": 5,
    "n_kv_head": 5,
    "n_embd": 320,
    "head_dim": 64,
    "seq_len": 512
  },
  "val_loss": 1.2210605712164015,
  "n_params_M": 8.03232,
  "step": 10142,
  "total_tokens_M": 41.541632,
  "training_seconds": 600.0391271114349
}