{
  "config": {
    "vocab_size": 2048,
    "n_layer": 5,
    "n_head": 5,
    "n_kv_head": 5,
    "n_embd": 320,
    "head_dim": 64,
    "seq_len": 512
  },
  "val_loss": 1.3550184085255577,
  "n_params_M": 6.80288,
  "step": 10836,
  "total_tokens_M": 44.384256,
  "training_seconds": 600.0163929462433
}