{
  "config": {
    "vocab_size": 2048,
    "n_layer": 6,
    "n_head": 5,
    "n_kv_head": 5,
    "n_embd": 320,
    "head_dim": 64,
    "seq_len": 512
  },
  "val_loss": 1.2200489810534887,
  "n_params_M": 8.03232,
  "step": 10139,
  "total_tokens_M": 41.529344,
  "training_seconds": 600.0425779819489
}