{
  "config": {
    "vocab_size": 2048,
    "n_layer": 5,
    "n_head": 5,
    "n_kv_head": 5,
    "n_embd": 320,
    "head_dim": 64,
    "seq_len": 512
  },
  "val_loss": 1.6129461526870728,
  "n_params_M": 6.80288,
  "step": 3038,
  "total_tokens_M": 24.887296,
  "training_seconds": 300.0102689266205
}