{
  "config": {
    "vocab_size": 2048,
    "n_layer": 6,
    "n_head": 6,
    "n_kv_head": 6,
    "n_embd": 384,
    "head_dim": 64,
    "seq_len": 512
  },
  "val_loss": 1.1787222822507222,
  "n_params_M": 11.408256,
  "step": 8028,
  "total_tokens_M": 32.882688,
  "training_seconds": 600.0528292655945
}