{
  "config": {
    "vocab_size": 2048,
    "n_layer": 6,
    "n_head": 5,
    "n_kv_head": 5,
    "n_embd": 320,
    "head_dim": 64,
    "seq_len": 512
  },
  "val_loss": 1.2031749827521188,
  "n_params_M": 8.03232,
  "step": 10136,
  "total_tokens_M": 41.517056,
  "training_seconds": 600.0308020114899
}