{
  "config": {
    "vocab_size": 2048,
    "n_layer": 5,
    "n_head": 5,
    "n_kv_head": 5,
    "n_embd": 320,
    "head_dim": 64,
    "seq_len": 512
  },
  "val_loss": 1.474004402393248,
  "n_params_M": 6.80288,
  "step": 5201,
  "total_tokens_M": 21.303296,
  "training_seconds": 420.0173308849335
}