{
  "config": {
    "vocab_size": 2048,
    "n_layer": 5,
    "n_head": 6,
    "n_kv_head": 6,
    "n_embd": 384,
    "head_dim": 64,
    "seq_len": 512
  },
  "val_loss": 1.6259934306144714,
  "n_params_M": 9.638016,
  "step": 2464,
  "total_tokens_M": 20.185088,
  "training_seconds": 300.10085701942444
}