{
  "config": {
    "vocab_size": 2048,
    "n_layer": 7,
    "n_head": 5,
    "n_kv_head": 5,
    "n_embd": 320,
    "head_dim": 64,
    "seq_len": 512
  },
  "val_loss": 1.6298861980438233,
  "n_params_M": 9.26176,
  "step": 2206,
  "total_tokens_M": 18.071552,
  "training_seconds": 300.1306080818176
}