{
  "config": {
    "vocab_size": 2048,
    "n_layer": 5,
    "n_head": 5,
    "n_kv_head": 5,
    "n_embd": 320,
    "head_dim": 64,
    "seq_len": 512
  },
  "val_loss": 2.0320540380477907,
  "n_params_M": 6.80288,
  "step": 17509,
  "total_tokens_M": 17.929216,
  "training_seconds": 300.00129985809326
}