{
  "config": {
    "vocab_size": 2048,
    "n_layer": 5,
    "n_head": 5,
    "n_kv_head": 5,
    "n_embd": 320,
    "head_dim": 64,
    "seq_len": 512
  },
  "val_loss": 1.5153545112144657,
  "n_params_M": 6.80288,
  "step": 5914,
  "total_tokens_M": 24.223744,
  "training_seconds": 300.00118494033813
}