{
  "config": {
    "vocab_size": 2048,
    "n_layer": 5,
    "n_head": 5,
    "n_kv_head": 5,
    "n_embd": 320,
    "head_dim": 64,
    "seq_len": 512
  },
  "val_loss": 1.6531245504937522,
  "n_params_M": 6.80288,
  "step": 5925,
  "total_tokens_M": 24.2688,
  "training_seconds": 300.0272481441498
}