{
  "config": {
    "vocab_size": 2048,
    "n_layer": 6,
    "n_head": 6,
    "n_kv_head": 6,
    "n_embd": 384,
    "head_dim": 64,
    "seq_len": 512
  },
  "val_loss": 1.1701529707227434,
  "n_params_M": 11.408256,
  "step": 8106,
  "total_tokens_M": 33.202176,
  "training_seconds": 600.0029602050781
}