{
  "config": {
    "vocab_size": 2048,
    "n_layer": 6,
    "n_head": 5,
    "n_kv_head": 5,
    "n_embd": 320,
    "head_dim": 64,
    "seq_len": 512
  },
  "val_loss": 1.36006859654472,
  "n_params_M": 8.03232,
  "step": 9962,
  "total_tokens_M": 40.804352,
  "training_seconds": 600.032154083252
}