{
  "config": {
    "vocab_size": 2048,
    "n_layer": 6,
    "n_head": 5,
    "n_kv_head": 5,
    "n_embd": 320,
    "head_dim": 64,
    "seq_len": 512
  },
  "val_loss": 1.2950547223999387,
  "n_params_M": 8.03232,
  "step": 10110,
  "total_tokens_M": 41.41056,
  "training_seconds": 600.0502018928528
}