{
  "config": {
    "vocab_size": 2048,
    "n_layer": 5,
    "n_head": 5,
    "n_kv_head": 5,
    "n_embd": 320,
    "head_dim": 64,
    "seq_len": 512
  },
  "val_loss": 1.5021875602443044,
  "n_params_M": 6.80288,
  "step": 5832,
  "total_tokens_M": 23.887872,
  "training_seconds": 420.020183801651
}