{
  "config": {
    "vocab_size": 2048,
    "n_layer": 5,
    "n_head": 5,
    "n_kv_head": 5,
    "n_embd": 320,
    "head_dim": 64,
    "seq_len": 512
  },
  "val_loss": 1.4681039815995751,
  "n_params_M": 6.80288,
  "step": 5911,
  "total_tokens_M": 24.211456,
  "training_seconds": 300.02255511283875
}