{
  "config": {
    "vocab_size": 2048,
    "n_layer": 5,
    "n_head": 6,
    "n_kv_head": 6,
    "n_embd": 384,
    "head_dim": 64,
    "seq_len": 512
  },
  "val_loss": 1.260595977306366,
  "n_params_M": 9.638016,
  "step": 9597,
  "total_tokens_M": 39.309312,
  "training_seconds": 600.052060842514
}